{"cameraMode":{"drawMode":0,"name":"Shaded","section":"Shading Mode"},"sceneLighting":false,"audioPlay":false,"sceneViewState":{"m_AlwaysRefresh":false,"showFog":true,"showSkybox":false,"showFlares":true,"showImageEffects":true,"showParticleSystems":true,"showVisualEffectGraphs":true,"m_FxEnabled":true},"in2DMode":false,"pivot":{"x":0.2906966209411621,"y":0.2128172218799591,"z":-0.0031424760818481447},"rotation":{"x":-0.026500064879655839,"y":0.9490865468978882,"z":-0.08307274430990219,"w":-0.3026566803455353},"size":1.2247449159622193,"orthographic":false}